{"cameraMode":{"drawMode":0,"name":"Shaded","section":"Shading Mode"},"sceneLighting":false,"audioPlay":false,"sceneViewState":{"m_AlwaysRefresh":false,"showFog":false,"showSkybox":false,"showFlares":false,"showImageEffects":false,"showParticleSystems":false,"showVisualEffectGraphs":true,"m_FxEnabled":true},"in2DMode":false,"pivot":{"x":-0.01346135139465332,"y":1.7911155223846436,"z":-0.033471643924713138},"rotation":{"x":-0.22179558873176576,"y":-0.03597397357225418,"z":0.008188536390662194,"w":-0.9743987321853638},"size":2.518522024154663,"orthographic":false}